Label	Mut	Count
all	A>C	127.289
syn	A>C	93.8329
syn4f	A>C	93.8329
all	A>G	127.289
syn	A>G	113.416
syn4f	A>G	93.8329
all	A>T	127.289
syn	A>T	93.8329
syn4f	A>T	93.8329
all	A[A>C]A	2.18954
syn	A[A>C]A	0
syn4f	A[A>C]A	0
all	A[A>C]C	5.56308
syn	A[A>C]C	0
syn4f	A[A>C]C	0
all	A[A>C]G	0.926334
syn	A[A>C]G	0
syn4f	A[A>C]G	0
all	A[A>C]T	8.40632
syn	A[A>C]T	0
syn4f	A[A>C]T	0
all	A[A>G]A	2.18954
syn	A[A>G]A	1.97489
syn4f	A[A>G]A	0
all	A[A>G]C	5.56308
syn	A[A>G]C	3.95588
syn4f	A[A>G]C	0
all	A[A>G]G	0.926334
syn	A[A>G]G	0.911752
syn4f	A[A>G]G	0
all	A[A>G]T	8.40632
syn	A[A>G]T	1.69821
syn4f	A[A>G]T	0
all	A[A>T]A	2.18954
syn	A[A>T]A	0
syn4f	A[A>T]A	0
all	A[A>T]C	5.56308
syn	A[A>T]C	0
syn4f	A[A>T]C	0
all	A[A>T]G	0.926334
syn	A[A>T]G	0
syn4f	A[A>T]G	0
all	A[A>T]T	8.40632
syn	A[A>T]T	0
syn4f	A[A>T]T	0
all	A[C>A]A	9.03628
syn	A[C>A]A	0
syn4f	A[C>A]A	0
all	A[C>A]C	3.19143
syn	A[C>A]C	0
syn4f	A[C>A]C	0
all	A[C>A]G	2.60858
syn	A[C>A]G	0
syn4f	A[C>A]G	0
all	A[C>A]T	6.02788
syn	A[C>A]T	0
syn4f	A[C>A]T	0
all	A[C>G]A	9.03628
syn	A[C>G]A	0
syn4f	A[C>G]A	0
all	A[C>G]C	3.19143
syn	A[C>G]C	0
syn4f	A[C>G]C	0
all	A[C>G]G	2.60858
syn	A[C>G]G	0
syn4f	A[C>G]G	0
all	A[C>G]T	6.02788
syn	A[C>G]T	0
syn4f	A[C>G]T	0
all	A[C>T]A	9.03628
syn	A[C>T]A	9.03628
syn4f	A[C>T]A	0
all	A[C>T]C	3.19143
syn	A[C>T]C	3.16177
syn4f	A[C>T]C	0
all	A[C>T]G	2.60858
syn	A[C>T]G	2.60858
syn4f	A[C>T]G	0
all	A[C>T]T	6.02788
syn	A[C>T]T	5.4706
syn4f	A[C>T]T	0
all	A[G>A]A	0.119039
syn	A[G>A]A	0.0710842
syn4f	A[G>A]A	0
all	A[G>A]C	0.418594
syn	A[G>A]C	0.326719
syn4f	A[G>A]C	0
all	A[G>A]G	0.0203004
syn	A[G>A]G	0.0203004
syn4f	A[G>A]G	0
all	A[G>A]T	1.1145
syn	A[G>A]T	0.116267
syn4f	A[G>A]T	0
all	A[G>C]A	0.119039
syn	A[G>C]A	0
syn4f	A[G>C]A	0
all	A[G>C]C	0.418594
syn	A[G>C]C	0
syn4f	A[G>C]C	0
all	A[G>C]G	0.0203004
syn	A[G>C]G	0
syn4f	A[G>C]G	0
all	A[G>C]T	1.1145
syn	A[G>C]T	0
syn4f	A[G>C]T	0
all	A[G>T]A	0.119039
syn	A[G>T]A	0
syn4f	A[G>T]A	0
all	A[G>T]C	0.418594
syn	A[G>T]C	0
syn4f	A[G>T]C	0
all	A[G>T]G	0.0203004
syn	A[G>T]G	0
syn4f	A[G>T]G	0
all	A[G>T]T	1.1145
syn	A[G>T]T	0
syn4f	A[G>T]T	0
all	A[T>A]A	4.16725
syn	A[T>A]A	0
syn4f	A[T>A]A	0
all	A[T>A]C	1.09134
syn	A[T>A]C	0
syn4f	A[T>A]C	0
all	A[T>A]G	2.24584
syn	A[T>A]G	0
syn4f	A[T>A]G	0
all	A[T>A]T	2.24341
syn	A[T>A]T	0
syn4f	A[T>A]T	0
all	A[T>C]A	4.16725
syn	A[T>C]A	4.16725
syn4f	A[T>C]A	0
all	A[T>C]C	1.09134
syn	A[T>C]C	0.962615
syn4f	A[T>C]C	0
all	A[T>C]G	2.24584
syn	A[T>C]G	2.02105
syn4f	A[T>C]G	0
all	A[T>C]T	2.24341
syn	A[T>C]T	1.97105
syn4f	A[T>C]T	0
all	A[T>G]A	4.16725
syn	A[T>G]A	0
syn4f	A[T>G]A	0
all	A[T>G]C	1.09134
syn	A[T>G]C	0
syn4f	A[T>G]C	0
all	A[T>G]G	2.24584
syn	A[T>G]G	0
syn4f	A[T>G]G	0
all	A[T>G]T	2.24341
syn	A[T>G]T	0
syn4f	A[T>G]T	0
all	C>A	83.9032
syn	C>A	33.7305
syn4f	C>A	33.7305
all	C>G	83.9032
syn	C>G	33.7305
syn4f	C>G	33.7305
all	C>T	83.9032
syn	C>T	82.0024
syn4f	C>T	33.7305
all	C[A>C]A	10.2923
syn	C[A>C]A	10.1673
syn4f	C[A>C]A	10.1673
all	C[A>C]C	5.02656
syn	C[A>C]C	4.58536
syn4f	C[A>C]C	4.58536
all	C[A>C]G	13.7777
syn	C[A>C]G	13.6127
syn4f	C[A>C]G	13.6127
all	C[A>C]T	17.0433
syn	C[A>C]T	13.7238
syn4f	C[A>C]T	13.7238
all	C[A>G]A	10.2923
syn	C[A>G]A	10.1673
syn4f	C[A>G]A	10.1673
all	C[A>G]C	5.02656
syn	C[A>G]C	4.58536
syn4f	C[A>G]C	4.58536
all	C[A>G]G	13.7777
syn	C[A>G]G	13.6127
syn4f	C[A>G]G	13.6127
all	C[A>G]T	17.0433
syn	C[A>G]T	13.7238
syn4f	C[A>G]T	13.7238
all	C[A>T]A	10.2923
syn	C[A>T]A	10.1673
syn4f	C[A>T]A	10.1673
all	C[A>T]C	5.02656
syn	C[A>T]C	4.58536
syn4f	C[A>T]C	4.58536
all	C[A>T]G	13.7777
syn	C[A>T]G	13.6127
syn4f	C[A>T]G	13.6127
all	C[A>T]T	17.0433
syn	C[A>T]T	13.7238
syn4f	C[A>T]T	13.7238
all	C[C>A]A	7.03587
syn	C[C>A]A	7.03587
syn4f	C[C>A]A	7.03587
all	C[C>A]C	6.28771
syn	C[C>A]C	6.21923
syn4f	C[C>A]C	6.21923
all	C[C>A]G	1.7528
syn	C[C>A]G	1.7528
syn4f	C[C>A]G	1.7528
all	C[C>A]T	10.0495
syn	C[C>A]T	3.9101
syn4f	C[C>A]T	3.9101
all	C[C>G]A	7.03587
syn	C[C>G]A	7.03587
syn4f	C[C>G]A	7.03587
all	C[C>G]C	6.28771
syn	C[C>G]C	6.21923
syn4f	C[C>G]C	6.21923
all	C[C>G]G	1.7528
syn	C[C>G]G	1.7528
syn4f	C[C>G]G	1.7528
all	C[C>G]T	10.0495
syn	C[C>G]T	3.9101
syn4f	C[C>G]T	3.9101
all	C[C>T]A	7.03587
syn	C[C>T]A	7.03587
syn4f	C[C>T]A	7.03587
all	C[C>T]C	6.28771
syn	C[C>T]C	6.21923
syn4f	C[C>T]C	6.21923
all	C[C>T]G	1.7528
syn	C[C>T]G	1.7528
syn4f	C[C>T]G	1.7528
all	C[C>T]T	10.0495
syn	C[C>T]T	9.13197
syn4f	C[C>T]T	3.9101
all	C[G>A]A	0.118663
syn	C[G>A]A	0.118663
syn4f	C[G>A]A	0.118663
all	C[G>A]C	0.0346758
syn	C[G>A]C	0.00725575
syn4f	C[G>A]C	0.00725575
all	C[G>A]G	0.0712495
syn	C[G>A]G	0.0712495
syn4f	C[G>A]G	0.0712495
all	C[G>A]T	0.180143
syn	C[G>A]T	0.114024
syn4f	C[G>A]T	0.114024
all	C[G>C]A	0.118663
syn	C[G>C]A	0.118663
syn4f	C[G>C]A	0.118663
all	C[G>C]C	0.0346758
syn	C[G>C]C	0.00725575
syn4f	C[G>C]C	0.00725575
all	C[G>C]G	0.0712495
syn	C[G>C]G	0.0712495
syn4f	C[G>C]G	0.0712495
all	C[G>C]T	0.180143
syn	C[G>C]T	0.114024
syn4f	C[G>C]T	0.114024
all	C[G>T]A	0.118663
syn	C[G>T]A	0.118663
syn4f	C[G>T]A	0.118663
all	C[G>T]C	0.0346758
syn	C[G>T]C	0.00725575
syn4f	C[G>T]C	0.00725575
all	C[G>T]G	0.0712495
syn	C[G>T]G	0.0712495
syn4f	C[G>T]G	0.0712495
all	C[G>T]T	0.180143
syn	C[G>T]T	0.114024
syn4f	C[G>T]T	0.114024
all	C[T>A]A	3.034
syn	C[T>A]A	3.034
syn4f	C[T>A]A	3.034
all	C[T>A]C	2.01738
syn	C[T>A]C	2.00102
syn4f	C[T>A]C	2.00102
all	C[T>A]G	1.18588
syn	C[T>A]G	1.18588
syn4f	C[T>A]G	1.18588
all	C[T>A]T	2.22898
syn	C[T>A]T	1.52745
syn4f	C[T>A]T	1.52745
all	C[T>C]A	3.034
syn	C[T>C]A	3.034
syn4f	C[T>C]A	3.034
all	C[T>C]C	2.01738
syn	C[T>C]C	2.00102
syn4f	C[T>C]C	2.00102
all	C[T>C]G	1.18588
syn	C[T>C]G	1.18588
syn4f	C[T>C]G	1.18588
all	C[T>C]T	2.22898
syn	C[T>C]T	2.08019
syn4f	C[T>C]T	1.52745
all	C[T>G]A	3.034
syn	C[T>G]A	3.034
syn4f	C[T>G]A	3.034
all	C[T>G]C	2.01738
syn	C[T>G]C	2.00102
syn4f	C[T>G]C	2.00102
all	C[T>G]G	1.18588
syn	C[T>G]G	1.18588
syn4f	C[T>G]G	1.18588
all	C[T>G]T	2.22898
syn	C[T>G]T	1.52745
syn4f	C[T>G]T	1.52745
all	G>A	3.50674
syn	G>A	2.20712
syn4f	G>A	1.3359
all	G>C	3.50674
syn	G>C	1.3359
syn4f	G>C	1.3359
all	G>T	3.50674
syn	G>T	1.3359
syn4f	G>T	1.3359
all	G[A>C]A	3.37306
syn	G[A>C]A	3.37306
syn4f	G[A>C]A	3.37306
all	G[A>C]C	3.26848
syn	G[A>C]C	3.22878
syn4f	G[A>C]C	3.22878
all	G[A>C]G	8.16367
syn	G[A>C]G	8.15244
syn4f	G[A>C]G	8.15244
all	G[A>C]T	5.22825
syn	G[A>C]T	4.3937
syn4f	G[A>C]T	4.3937
all	G[A>G]A	3.37306
syn	G[A>G]A	3.37306
syn4f	G[A>G]A	3.37306
all	G[A>G]C	3.26848
syn	G[A>G]C	3.22878
syn4f	G[A>G]C	3.22878
all	G[A>G]G	8.16367
syn	G[A>G]G	8.15244
syn4f	G[A>G]G	8.15244
all	G[A>G]T	5.22825
syn	G[A>G]T	5.21877
syn4f	G[A>G]T	4.3937
all	G[A>T]A	3.37306
syn	G[A>T]A	3.37306
syn4f	G[A>T]A	3.37306
all	G[A>T]C	3.26848
syn	G[A>T]C	3.22878
syn4f	G[A>T]C	3.22878
all	G[A>T]G	8.16367
syn	G[A>T]G	8.15244
syn4f	G[A>T]G	8.15244
all	G[A>T]T	5.22825
syn	G[A>T]T	4.3937
syn4f	G[A>T]T	4.3937
all	G[C>A]A	1.13777
syn	G[C>A]A	0.830096
syn4f	G[C>A]A	0.830096
all	G[C>A]C	2.45828
syn	G[C>A]C	1.44124
syn4f	G[C>A]C	1.44124
all	G[C>A]G	0.554643
syn	G[C>A]G	0.554643
syn4f	G[C>A]G	0.554643
all	G[C>A]T	2.1333
syn	G[C>A]T	1.87602
syn4f	G[C>A]T	1.87602
all	G[C>G]A	1.13777
syn	G[C>G]A	0.830096
syn4f	G[C>G]A	0.830096
all	G[C>G]C	2.45828
syn	G[C>G]C	1.44124
syn4f	G[C>G]C	1.44124
all	G[C>G]G	0.554643
syn	G[C>G]G	0.554643
syn4f	G[C>G]G	0.554643
all	G[C>G]T	2.1333
syn	G[C>G]T	1.87602
syn4f	G[C>G]T	1.87602
all	G[C>T]A	1.13777
syn	G[C>T]A	1.13777
syn4f	G[C>T]A	0.830096
all	G[C>T]C	2.45828
syn	G[C>T]C	2.45828
syn4f	G[C>T]C	1.44124
all	G[C>T]G	0.554643
syn	G[C>T]G	0.554643
syn4f	G[C>T]G	0.554643
all	G[C>T]T	2.1333
syn	G[C>T]T	2.1333
syn4f	G[C>T]T	1.87602
all	G[G>A]A	0.00731278
syn	G[G>A]A	0.00731278
syn4f	G[G>A]A	0.00731278
all	G[G>A]C	0.0565875
syn	G[G>A]C	0.0565875
syn4f	G[G>A]C	0.0565875
all	G[G>A]G	0.310679
syn	G[G>A]G	0.310679
syn4f	G[G>A]G	0.310679
all	G[G>A]T	0.151366
syn	G[G>A]T	0.151366
syn4f	G[G>A]T	0.0979724
all	G[G>C]A	0.00731278
syn	G[G>C]A	0.00731278
syn4f	G[G>C]A	0.00731278
all	G[G>C]C	0.0565875
syn	G[G>C]C	0.0565875
syn4f	G[G>C]C	0.0565875
all	G[G>C]G	0.310679
syn	G[G>C]G	0.310679
syn4f	G[G>C]G	0.310679
all	G[G>C]T	0.151366
syn	G[G>C]T	0.0979724
syn4f	G[G>C]T	0.0979724
all	G[G>T]A	0.00731278
syn	G[G>T]A	0.00731278
syn4f	G[G>T]A	0.00731278
all	G[G>T]C	0.0565875
syn	G[G>T]C	0.0565875
syn4f	G[G>T]C	0.0565875
all	G[G>T]G	0.310679
syn	G[G>T]G	0.310679
syn4f	G[G>T]G	0.310679
all	G[G>T]T	0.151366
syn	G[G>T]T	0.0979724
syn4f	G[G>T]T	0.0979724
all	G[T>A]A	0.328907
syn	G[T>A]A	0.245129
syn4f	G[T>A]A	0.245129
all	G[T>A]C	0.545506
syn	G[T>A]C	0.37343
syn4f	G[T>A]C	0.37343
all	G[T>A]G	0.228555
syn	G[T>A]G	0.222049
syn4f	G[T>A]G	0.222049
all	G[T>A]T	0.670257
syn	G[T>A]T	0.592927
syn4f	G[T>A]T	0.592927
all	G[T>C]A	0.328907
syn	G[T>C]A	0.328907
syn4f	G[T>C]A	0.245129
all	G[T>C]C	0.545506
syn	G[T>C]C	0.545506
syn4f	G[T>C]C	0.37343
all	G[T>C]G	0.228555
syn	G[T>C]G	0.222049
syn4f	G[T>C]G	0.222049
all	G[T>C]T	0.670257
syn	G[T>C]T	0.670257
syn4f	G[T>C]T	0.592927
all	G[T>G]A	0.328907
syn	G[T>G]A	0.245129
syn4f	G[T>G]A	0.245129
all	G[T>G]C	0.545506
syn	G[T>G]C	0.37343
syn4f	G[T>G]C	0.37343
all	G[T>G]G	0.228555
syn	G[T>G]G	0.222049
syn4f	G[T>G]G	0.222049
all	G[T>G]T	0.670257
syn	G[T>G]T	0.592927
syn4f	G[T>G]T	0.592927
all	T>A	35.0284
syn	T>A	12.9598
syn4f	T>A	12.9598
all	T>C	35.0284
syn	T>C	34.1634
syn4f	T>C	12.9598
all	T>G	35.0284
syn	T>G	12.9598
syn4f	T>G	12.9598
all	T[A>C]A	11.1673
syn	T[A>C]A	8.45721
syn4f	T[A>C]A	8.45721
all	T[A>C]C	10.4295
syn	T[A>C]C	6.88876
syn4f	T[A>C]C	6.88876
all	T[A>C]G	13.1701
syn	T[A>C]G	11.1829
syn4f	T[A>C]G	11.1829
all	T[A>C]T	9.26377
syn	T[A>C]T	6.06692
syn4f	T[A>C]T	6.06692
all	T[A>G]A	11.1673
syn	T[A>G]A	11.0941
syn4f	T[A>G]A	8.45721
all	T[A>G]C	10.4295
syn	T[A>G]C	10.1475
syn4f	T[A>G]C	6.88876
all	T[A>G]G	13.1701
syn	T[A>G]G	13.1503
syn4f	T[A>G]G	11.1829
all	T[A>G]T	9.26377
syn	T[A>G]T	8.42099
syn4f	T[A>G]T	6.06692
all	T[A>T]A	11.1673
syn	T[A>T]A	8.45721
syn4f	T[A>T]A	8.45721
all	T[A>T]C	10.4295
syn	T[A>T]C	6.88876
syn4f	T[A>T]C	6.88876
all	T[A>T]G	13.1701
syn	T[A>T]G	11.1829
syn4f	T[A>T]G	11.1829
all	T[A>T]T	9.26377
syn	T[A>T]T	6.06692
syn4f	T[A>T]T	6.06692
all	T[C>A]A	10.0001
syn	T[C>A]A	2.66632
syn4f	T[C>A]A	2.66632
all	T[C>A]C	12.6575
syn	T[C>A]C	5.3553
syn4f	T[C>A]C	5.3553
all	T[C>A]G	3.09533
syn	T[C>A]G	1.06135
syn4f	T[C>A]G	1.06135
all	T[C>A]T	5.87631
syn	T[C>A]T	1.02752
syn4f	T[C>A]T	1.02752
all	T[C>G]A	10.0001
syn	T[C>G]A	2.66632
syn4f	T[C>G]A	2.66632
all	T[C>G]C	12.6575
syn	T[C>G]C	5.3553
syn4f	T[C>G]C	5.3553
all	T[C>G]G	3.09533
syn	T[C>G]G	1.06135
syn4f	T[C>G]G	1.06135
all	T[C>G]T	5.87631
syn	T[C>G]T	1.02752
syn4f	T[C>G]T	1.02752
all	T[C>T]A	10.0001
syn	T[C>T]A	10.0001
syn4f	T[C>T]A	2.66632
all	T[C>T]C	12.6575
syn	T[C>T]C	12.5121
syn4f	T[C>T]C	5.3553
all	T[C>T]G	3.09533
syn	T[C>T]G	3.09533
syn4f	T[C>T]G	1.06135
all	T[C>T]T	5.87631
syn	T[C>T]T	5.69383
syn4f	T[C>T]T	1.02752
all	T[G>A]A	0.204429
syn	T[G>A]A	0.204429
syn4f	T[G>A]A	0.115796
all	T[G>A]C	0.287113
syn	T[G>A]C	0.287113
syn4f	T[G>A]C	0.171947
all	T[G>A]G	0.165562
syn	T[G>A]G	0.165562
syn4f	T[G>A]G	0.145423
all	T[G>A]T	0.246525
syn	T[G>A]T	0.178509
syn4f	T[G>A]T	0.118988
all	T[G>C]A	0.204429
syn	T[G>C]A	0.115796
syn4f	T[G>C]A	0.115796
all	T[G>C]C	0.287113
syn	T[G>C]C	0.171947
syn4f	T[G>C]C	0.171947
all	T[G>C]G	0.165562
syn	T[G>C]G	0.145423
syn4f	T[G>C]G	0.145423
all	T[G>C]T	0.246525
syn	T[G>C]T	0.118988
syn4f	T[G>C]T	0.118988
all	T[G>T]A	0.204429
syn	T[G>T]A	0.115796
syn4f	T[G>T]A	0.115796
all	T[G>T]C	0.287113
syn	T[G>T]C	0.171947
syn4f	T[G>T]C	0.171947
all	T[G>T]G	0.165562
syn	T[G>T]G	0.145423
syn4f	T[G>T]G	0.145423
all	T[G>T]T	0.246525
syn	T[G>T]T	0.118988
syn4f	T[G>T]T	0.118988
all	T[T>A]A	5.60567
syn	T[T>A]A	1.08275
syn4f	T[T>A]A	1.08275
all	T[T>A]C	4.89532
syn	T[T>A]C	1.57394
syn4f	T[T>A]C	1.57394
all	T[T>A]G	2.33821
syn	T[T>A]G	0.663323
syn4f	T[T>A]G	0.663323
all	T[T>A]T	2.2019
syn	T[T>A]T	0.457934
syn4f	T[T>A]T	0.457934
all	T[T>C]A	5.60567
syn	T[T>C]A	5.60567
syn4f	T[T>C]A	1.08275
all	T[T>C]C	4.89532
syn	T[T>C]C	4.88823
syn4f	T[T>C]C	1.57394
all	T[T>C]G	2.33821
syn	T[T>C]G	2.33821
syn4f	T[T>C]G	0.663323
all	T[T>C]T	2.2019
syn	T[T>C]T	2.14155
syn4f	T[T>C]T	0.457934
all	T[T>G]A	5.60567
syn	T[T>G]A	1.08275
syn4f	T[T>G]A	1.08275
all	T[T>G]C	4.89532
syn	T[T>G]C	1.57394
syn4f	T[T>G]C	1.57394
all	T[T>G]G	2.33821
syn	T[T>G]G	0.663323
syn4f	T[T>G]G	0.663323
all	T[T>G]T	2.2019
syn	T[T>G]T	0.457934
syn4f	T[T>G]T	0.457934
